RecordID,Governorate,Age,Gender,MaritalStatus,HHRole,EducationLevel,WorkStatus,HHIncomeNIS,IndividualIncomeNIS,OwnsHome,HomeInternetAccess,OwnsMobilePhone,OwnsSmartphone,MobileInternetSub,UsesBankAcct,UsesATMCard,UsesCreditCard,UsesOnlineBanking,UsesMobileBanking,UsesEWallet,UsesOnlineBillPay,FreqATMCard,FreqCreditCard,FreqOnlineBanking,FreqMobileBanking,FreqEWallet,FreqOnlineBillPay,CashWithdrawPref,IncreasedDigitalUseCovid,Barrier_BankDist,Barrier_BankFees,Barrier_BankTrust,Barrier_BankProcedures,Barrier_BankNoNeed,Barrier_BankNoMoney,Barrier_LoanCost,Barrier_LoanReligion,Barrier_LoanIncapable,Barrier_LoanCollateral,Barrier_LoanNoNeed,Barrier_InsCost,Barrier_InsNoKnowledge,Barrier_InsTrust,Barrier_InsDifficulty,AccessEase_BankBranch,AccessEase_ATM,AccessEase_EPayAgent,AccessEase_DigitalBanking,FinLit_InterestCalcCorrect,FinLit_InterestStocksCorrect,FinLit_StatementsScore,FinLit_InflationCorrect,FinLit_KnowCreditReportRight,FinLit_KnowLoanContractRight,FinLit_SelfAssessRights,FinLit_RegulatorScore,SavedMoneyPast2Yrs,PrimarySavingMethod,ExpenseControlMethod,LocalityType,Region
4,Jenin,70,Male,Married,Head,Preparatory,NotWorking_Age/Illness,<=2000 NIS,No Income,Owned_Self,No,Yes,Yes,Yes,Use,Use,DontUse,DontUse,DontUse,Use,DontUse,Monthly,Never,Never,Never,Monthly,Never,Counter,Yes_Online,Disagree,Agree,Disagree,Disagree,StronglyAgree,Disagree,NA,NA,NA,NA,NA,DontKnow,DontKnow,DontKnow,DontKnow,Easy,Easy,DontKnow,DontKnow,Correct,Incorrect,2,Equal,NA,NA,Partial,0,No,Missing,TryToControl,Rural,WestBank
6,Jenin,35,Female,Married,Spouse,Preparatory,NotWorking_Housewife,2001-2500 NIS,No Income,Owned_Spouse,No,Yes,Yes,Yes,DontUse,DontUse,DontUse,DontUse,DontUse,DontUse,DontUse,NA,NA,NA,NA,NA,NA,NA,No,StronglyDisagree,Disagree,Disagree,Disagree,Disagree,Disagree,Yes,No,Yes,No,Yes,DontKnow,DontKnow,DontKnow,DontKnow,Difficult,Difficult,Difficult,Difficult,DontKnow,DontKnow,0,DontKnow,NA,NA,None,0,No,Missing,NoControl,Rural,WestBank
8,Jenin,61,Male,Married,Head,Below Primary,SelfEmployed,2001-2500 NIS,2001-2500 NIS,Owned_Self,No,Yes,Yes,No,Use,Use,DontUse,Use,DontUse,Use,DontUse,Monthly,Never,Monthly,Never,Monthly,Never,Counter,No,Disagree,Agree,Agree,Disagree,Disagree,Disagree,No,No,No,No,Yes,Agree,Disagree,Disagree,Disagree,Easy,Easy,Easy,Easy,Correct,Incorrect,2,More,NA,NA,Partial,0,Yes,CashHome,TryToControl,Rural,WestBank
10,Jenin,33,Male,Single,Head,Bachelors,SelfEmployed,2001-2500 NIS,2001-2500 NIS,Owned_Family,No,Yes,Yes,Yes,Use,Use,Use,Use,Use,Use,Use,Monthly,Monthly,Yearly,Yearly,Yearly,Yearly,ATM,No,Disagree,Agree,Disagree,Disagree,Disagree,Disagree,No,No,No,No,No,Neutral,Disagree,Agree,Disagree,Easy,Easy,Easy,Easy,Correct,Incorrect,4,Equal,Yes,NA,Partial,1,Yes,CashHome,NoControl,Rural,WestBank
12,Jenin,82,Female,Widowed,Head,Primary,WageEmployee_Govt,2001-2500 NIS,2001-2500 NIS,Owned_Self,No,Yes,Yes,No,Use,Use,DontUse,Use,DontUse,Use,Use,Monthly,Never,Monthly,Never,Monthly,Monthly,Counter,Yes_Online,Disagree,Agree,Agree,Disagree,Disagree,Agree,Yes,Yes,No,No,Yes,Agree,Disagree,Disagree,Disagree,Easy,Easy,Difficult,Difficult,Correct,Incorrect,1,Equal,No,No,Partial,4,Yes,BankAcct,UseLog,Rural,WestBank
16,Jenin,98,Male,Widowed,Head,Below Primary,NotWorking_Age/Illness,<=2000 NIS,No Income,Owned_Self,No,No,NA,NA,DontUse,DontUse,DontUse,DontUse,DontUse,Use,DontUse,NA,NA,NA,NA,Monthly,NA,NA,No,Agree,Agree,Disagree,Disagree,Agree,Disagree,Yes,Yes,No,No,No,Agree,Disagree,Disagree,Agree,DontKnow,DontKnow,DontKnow,DontKnow,Correct,Correct,0,DontKnow,NA,NA,None,2,No,Missing,TryToControl,Rural,WestBank
18,Jenin,75,Male,Married,Head,Below Primary,NotWorking_Age/Illness,No Income,No Income,Owned_Self,No,Yes,No,NA,DontUse,DontUse,DontUse,DontUse,DontUse,Use,DontUse,NA,NA,NA,NA,Monthly,NA,NA,No,StronglyDisagree,Disagree,Disagree,Disagree,Disagree,Disagree,Yes,No,No,No,Yes,TotallyAgree,Disagree,Disagree,Disagree,Easy,Easy,DontKnow,DontKnow,Correct,Correct,0,DontKnow,NA,NA,None,0,No,Missing,TryToControl,Rural,WestBank
20,Jenin,23,Male,Single,Child,Bachelors,WageEmployee_Govt,5001-8000 NIS,2001-2500 NIS,Owned_Family,No,Yes,Yes,Yes,Use,Use,Use,Use,Use,Use,DontUse,Monthly,Monthly,Never,Monthly,Monthly,Never,ATM,Yes_Online,Disagree,Agree,Agree,Disagree,Disagree,Disagree,No,No,Yes,No,No,Agree,Disagree,Disagree,Disagree,Easy,Easy,Easy,Easy,Correct,Correct,6,Equal,NA,NA,Complete,8,No,Missing,TryToControl,Rural,WestBank
22,Jenin,52,Female,Widowed,Head,Primary,NotWorking_Housewife,<=2000 NIS,No Income,Owned_Spouse,Yes,Yes,Yes,No,Use,Use,DontUse,DontUse,DontUse,DontUse,DontUse,Never,NA,NA,NA,NA,NA,NA,No,Neutral,Neutral,Agree,Neutral,Disagree,Disagree,No,No,Yes,No,No,Neutral,Disagree,Disagree,Neutral,Easy,Easy,Easy,Easy,Correct,DontKnow,1,DontKnow,NA,NA,Partial,0,No,Missing,LowControl,Rural,WestBank
24,Jenin,40,Male,Married,Head,Preparatory,WageEmployee_Private,2001-2500 NIS,2001-2500 NIS,Owned_Self,No,Yes,Yes,Yes,Use,Use,DontUse,Use,DontUse,Use,Use,Never,Never,Monthly,Never,Yearly,Yearly,Counter,No,Agree,Agree,Disagree,Disagree,Disagree,Disagree,Yes,Yes,No,No,Yes,StronglyDisagree,Disagree,Disagree,Disagree,Easy,Easy,Easy,Easy,Correct,Correct,3,Equal,NA,NA,Partial,3,No,Missing,TryToControl,Rural,WestBank
26,Jenin,39,Female,Married,Spouse,Preparatory,NotWorking_Housewife,2501-3000 NIS,No Income,Owned_Spouse,No,Yes,Yes,Yes,DontUse,DontUse,DontUse,DontUse,DontUse,DontUse,DontUse,NA,NA,NA,NA,NA,NA,NA,No,Neutral,Neutral,Neutral,Agree,Agree,Agree,Yes,Yes,Yes,No,No,Neutral,Disagree,Neutral,Agree,Difficult,Difficult,Difficult,Difficult,Correct,DontKnow,2,DontKnow,Yes,Yes,Partial,0,No,Missing,TryToControl,Rural,WestBank
28,Jenin,49,Male,Married,Head,Preparatory,WageEmployee_IsraelSettlements,3001-5000 NIS,3001-5000 NIS,Owned_Self,No,Yes,Yes,Yes,Use,Use,DontUse,DontUse,DontUse,Use,DontUse,Weekly,Never,NA,NA,Monthly,NA,Counter,No,Agree,Agree,Agree,Disagree,Disagree,Disagree,No,No,No,Yes,No,Agree,Disagree,Disagree,Disagree,Easy,Easy,DontKnow,DontKnow,Correct,Correct,3,Equal,NA,NA,None,1,Yes,CashHome,TryToControl,Rural,WestBank
30,Jenin,49,Female,Married,Spouse,Preparatory,NotWorking_Housewife,<=2000 NIS,No Income,Owned_Spouse,No,Yes,Yes,Yes,DontUse,DontUse,DontUse,DontUse,DontUse,DontUse,DontUse,NA,NA,NA,NA,NA,NA,NA,No,Neutral,Neutral,Agree,Agree,Agree,Agree,Yes,No,Yes,No,No,Neutral,Disagree,Disagree,Agree,Easy,Impossible,Impossible,Impossible,DontKnow,DontKnow,0,DontKnow,Yes,NA,Partial,0,No,Missing,NoControl,Rural,WestBank
32,Jenin,64,Female,Widowed,Head,Below Primary,NotWorking_Housewife,<=2000 NIS,No Income,Owned_Spouse,No,Yes,Yes,No,Use,Use,DontUse,Use,DontUse,DontUse,DontUse,Yearly,Never,Yearly,Never,NA,NA,Counter,No,Disagree,Disagree,Neutral,Disagree,Disagree,Disagree,No,No,No,No,No,Neutral,Neutral,Disagree,Disagree,Difficult,DontKnow,DontKnow,DontKnow,DontKnow,DontKnow,0,DontKnow,Yes,NA,Partial,0,No,Missing,LowControl,Rural,WestBank
34,Jenin,36,Female,Married,Spouse,Secondary,NotWorking_Housewife,5001-8000 NIS,No Income,Owned_Self,Yes,Yes,Yes,Yes,Use,Use,DontUse,Use,DontUse,Use,DontUse,Monthly,Never,Yearly,Never,Never,Never,ATM,No,Agree,Agree,Agree,Agree,Agree,Agree,Yes,No,Yes,No,No,Disagree,Disagree,Agree,Disagree,Easy,Easy,Easy,Easy,Correct,Correct,3,Less,NA,NA,Partial,2,Yes,CashHome,TryToControl,Rural,WestBank
36,Jenin,33,Male,Married,Head,Preparatory,WageEmployee_Govt,2001-2500 NIS,2001-2500 NIS,Owned_Self,No,Yes,Yes,Yes,Use,Use,DontUse,Use,Use,Use,Use,Monthly,Never,Monthly,Monthly,Monthly,Monthly,ATM,Yes_Online,Agree,Agree,Agree,Agree,Disagree,Disagree,No,No,No,No,No,StronglyDisagree,Disagree,Disagree,Disagree,Easy,Difficult,Difficult,Difficult,DontKnow,DontKnow,0,DontKnow,Yes,Yes,Partial,0,No,Missing,LowControl,Rural,WestBank
38,Jenin,27,Female,Married,Spouse,Preparatory,NotWorking_Housewife,3001-5000 NIS,No Income,Owned_Family,Yes,Yes,Yes,Yes,Use,Use,DontUse,Use,DontUse,Use,DontUse,Monthly,Never,Monthly,Never,Monthly,Never,Counter,No,Agree,Agree,Agree,Agree,Agree,Agree,Yes,No,No,No,No,Agree,StronglyDisagree,Disagree,Disagree,Easy,Easy,Easy,Easy,Correct,Correct,3,Equal,NA,NA,Partial,2,Yes,BankAcct,UseLog,Rural,WestBank
40,Jenin,83,Male,Widowed,Head,Below Primary,NotWorking_Age/Illness,<=2000 NIS,<=2000 NIS,Owned_Self,Yes,Yes,NA,NA,DontUse,DontUse,DontUse,DontUse,DontUse,Use,DontUse,NA,NA,NA,NA,Monthly,NA,NA,No,Agree,Agree,Disagree,Agree,Disagree,Disagree,Yes,Yes,Yes,No,No,Agree,Disagree,Neutral,Neutral,Easy,DontKnow,DontKnow,DontKnow,DontKnow,DontKnow,0,DontKnow,Yes,Yes,None,0,Yes,CashHome,TryToControl,Rural,WestBank
42,Jenin,60,Female,Married,Spouse,Below Primary,NotWorking_Housewife,3001-5000 NIS,No Income,Owned_Spouse,Yes,Yes,Yes,No,Use,Use,DontUse,DontUse,DontUse,Use,DontUse,Monthly,Never,NA,NA,Monthly,NA,Counter,No,TotallyAgree,TotallyAgree,TotallyAgree,TotallyAgree,StronglyDisagree,TotallyAgree,No,Yes,No,No,No,TotallyAgree,StronglyDisagree,Agree,StronglyDisagree,Difficult,Difficult,Difficult,Difficult,Correct,Correct,3,More,NA,NA,None,0,Yes,CashHome,NoControl,Rural,WestBank
44,Jenin,50,Male,Married,Head,Preparatory,WageEmployee_Govt,3001-5000 NIS,3001-5000 NIS,Owned_Self,Yes,Yes,Yes,Yes,Use,Use,Use,Use,Use,Use,Use,Weekly,Monthly,Monthly,Monthly,Monthly,Monthly,ATM,Yes_Online,Disagree,Disagree,Disagree,TotallyAgree,StronglyDisagree,StronglyDisagree,No,Yes,Yes,No,No,StronglyDisagree,StronglyDisagree,Disagree,StronglyDisagree,VeryEasy,VeryEasy,VeryEasy,VeryEasy,Correct,Correct,3,More,NA,NA,Complete,6,Yes,BankAcct,TryToControl,Rural,WestBank
46,Jenin,26,Female,Married,Spouse,Secondary,NotWorking_Housewife,3001-5000 NIS,No Income,Owned_Family,No,Yes,Yes,Yes,DontUse,DontUse,DontUse,DontUse,DontUse,DontUse,DontUse,NA,NA,NA,NA,NA,NA,NA,No,Agree,Agree,Agree,TotallyAgree,Agree,Agree,No,No,No,No,Yes,Agree,Disagree,Disagree,Disagree,Easy,Easy,DontKnow,DontKnow,Correct,Correct,3,Equal,NA,NA,None,2,No,Missing,TryToControl,Rural,WestBank
48,Jenin,39,Male,Married,Head,Below Primary,WageEmployee_IsraelSettlements,2001-2500 NIS,2001-2500 NIS,Owned_Self,No,Yes,Yes,No,Use,Use,DontUse,Use,DontUse,Use,DontUse,Monthly,Never,Yearly,Never,Yearly,Never,Counter,No,Disagree,Disagree,Disagree,Disagree,Disagree,Disagree,Yes,No,No,No,No,Disagree,Disagree,Disagree,Disagree,Easy,Easy,DontKnow,DontKnow,DontKnow,DontKnow,0,DontKnow,Yes,Yes,Partial,0,Yes,CashHome,LowControl,Rural,WestBank
50,Jenin,63,Female,Single,Head,Below Primary,NotWorking_Housewife,<=2000 NIS,No Income,Owned_Family,No,Yes,No,NA,DontUse,DontUse,DontUse,DontUse,DontUse,Use,DontUse,NA,NA,NA,NA,Monthly,NA,NA,No,Agree,Agree,Agree,Agree,Agree,Agree,Yes,Yes,Yes,No,No,Disagree,Disagree,Agree,Disagree,Easy,Easy,DontKnow,DontKnow,Correct,Incorrect,0,DontKnow,NA,NA,None,0,No,Missing,TryToControl,Rural,WestBank
52,Jenin,42,Male,Married,Head,Preparatory,WageEmployee_IsraelSettlements,2001-2500 NIS,2001-2500 NIS,Owned_Self,No,Yes,Yes,Yes,Use,Use,DontUse,Use,DontUse,Use,DontUse,Yearly,Never,Monthly,Never,Weekly,Never,Counter,No,Agree,Agree,Disagree,Disagree,Disagree,Disagree,No,No,No,No,Yes,Agree,StronglyDisagree,StronglyDisagree,Agree,Difficult,Difficult,Difficult,Difficult,Correct,Correct,1,Equal,NA,NA,Partial,4,Yes,BankAcct,TryToControl,Rural,WestBank
56,Jenin,50,Female,Married,Spouse,Secondary,NotWorking_Housewife,3001-5000 NIS,No Income,Owned_Spouse,Yes,Yes,Yes,Yes,Use,DontUse,DontUse,DontUse,DontUse,DontUse,DontUse,Yearly,NA,NA,NA,NA,NA,Counter,No,Agree,Agree,Disagree,Agree,Disagree,Disagree,Yes,No,No,No,No,Disagree,Disagree,Agree,Disagree,Easy,Difficult,Difficult,Difficult,Correct,Correct,3,Less,Yes,Yes,None,2,No,Missing,NoControl,Urban,WestBank
58,Jenin,65,Male,Married,Head,Below Primary,WageEmployee_IsraelSettlements,3001-5000 NIS,3001-5000 NIS,Owned_Self,No,Yes,Yes,No,Use,Use,DontUse,DontUse,DontUse,Use,DontUse,Monthly,Never,NA,NA,Yearly,NA,Counter,No,TotallyAgree,Agree,Agree,Agree,Agree,Agree,Yes,No,No,No,No,Agree,Disagree,Agree,Agree,Easy,Easy,DontKnow,DontKnow,Correct,Correct,3,Equal,NA,NA,None,2,Yes,CashHome,TryToControl,Urban,WestBank
60,Jenin,65,Female,Single,Child,Primary,SelfEmployed,<=2000 NIS,<=2000 NIS,Owned_Family,No,Yes,Yes,No,Use,Use,DontUse,DontUse,DontUse,Use,DontUse,Monthly,Never,NA,NA,Monthly,NA,Counter,No,Agree,Agree,Agree,Agree,Agree,Agree,Yes,Yes,Yes,No,No,Agree,Disagree,Agree,Agree,Easy,Easy,DontKnow,DontKnow,DontKnow,DontKnow,0,DontKnow,NA,NA,None,0,No,Missing,LowControl,Urban,WestBank
66,Jenin,21,Male,Single,Child,Preparatory,NotWorking_Looking,2501-3000 NIS,No Income,Owned_Partnership,Yes,Yes,Yes,Yes,Use,Use,DontUse,Use,Use,Use,DontUse,Monthly,Never,Weekly,NA,Never,NA,ATM,Yes_Mobile,Agree,Agree,Agree,Agree,Agree,Agree,No,No,No,No,Yes,Disagree,Disagree,Agree,Agree,Easy,Easy,Easy,Easy,Correct,Correct,1,Less,NA,NA,Partial,0,No,Missing,TryToControl,Urban,WestBank
68,Jenin,22,Female,Married,Spouse,Preparatory,NotWorking_Housewife,3001-5000 NIS,No Income,Owned_Family,Yes,Yes,Yes,Yes,Use,Use,DontUse,Use,DontUse,Use,DontUse,Never,Never,Monthly,Never,Yearly,NA,Counter,No,Disagree,Disagree,Disagree,Disagree,Disagree,Disagree,Yes,No,No,No,No,Disagree,Disagree,Disagree,Disagree,Easy,Easy,Easy,Easy,Correct,Correct,3,DontKnow,NA,NA,Partial,0,No,Missing,LowControl,Urban,WestBank
70,Jenin,46,Male,Married,Head,Preparatory,WageEmployee_IsraelSettlements,5001-8000 NIS,5001-8000 NIS,Owned_Family,No,Yes,Yes,Yes,Use,Use,Use,Use,Use,Use,Use,Monthly,Monthly,Monthly,Monthly,Monthly,Monthly,ATM,Yes_Online,Agree,Agree,Agree,Disagree,Disagree,Disagree,No,No,Yes,No,No,Disagree,Disagree,Disagree,Disagree,Easy,Easy,Easy,Easy,Correct,Correct,3,Equal,Yes,Yes,Partial,0,Yes,BankAcct,TryToControl,Urban,WestBank
72,Jenin,62,Female,Married,Spouse,Below Primary,NotWorking_Housewife,2001-2500 NIS,No Income,Owned_Spouse,Yes,Yes,Yes,Yes,Use,DontUse,DontUse,DontUse,DontUse,DontUse,DontUse,Never,NA,NA,NA,NA,NA,NA,No,Disagree,Agree,Agree,Agree,Disagree,Disagree,No,No,Yes,No,No,Disagree,Disagree,Agree,Disagree,Difficult,Difficult,Difficult,Difficult,DontKnow,DontKnow,0,DontKnow,NA,NA,None,0,No,Missing,TryToControl,Urban,WestBank
74,Jenin,31,Male,Married,Head,Preparatory,WageEmployee_IsraelSettlements,2001-2500 NIS,No Income,Owned_Self,No,Yes,Yes,Yes,Use,Use,DontUse,Use,DontUse,Use,Use,Monthly,Never,Monthly,Never,Monthly,Monthly,Counter,No,Disagree,Disagree,Disagree,Disagree,Disagree,Disagree,No,No,Yes,No,No,Disagree,Disagree,Disagree,Disagree,Difficult,Easy,Difficult,Difficult,Correct,Correct,0,DontKnow,Yes,Yes,Partial,0,Yes,CashHome,LowControl,Urban,WestBank
76,Jenin,30,Male,Married,Head,Below Primary,WageEmployee_IsraelSettlements,2501-3000 NIS,2501-3000 NIS,Owned_Family,No,Yes,Yes,Yes,Use,Use,DontUse,DontUse,DontUse,Use,DontUse,Monthly,Never,NA,NA,Monthly,NA,Counter,No,Disagree,Disagree,Agree,Disagree,Disagree,Disagree,Yes,Yes,Yes,No,No,Disagree,Disagree,Agree,Agree,Easy,Easy,Easy,Easy,Correct,Correct,1,Equal,NA,NA,None,0,No,Missing,TryToControl,Urban,WestBank
78,Jenin,56,Male,Widowed,Head,Secondary,NotWorking_Looking,3001-5000 NIS,No Income,Owned_Self,Yes,Yes,Yes,No,Use,Use,DontUse,Use,DontUse,DontUse,DontUse,Yearly,Never,Unknown,NA,NA,NA,Counter,No,Disagree,Disagree,Disagree,Agree,Disagree,Disagree,No,No,Yes,No,No,Agree,Disagree,Agree,Disagree,Difficult,Easy,Difficult,Difficult,Correct,Correct,2,DontKnow,Yes,No,None,2,No,Missing,NoControl,Urban,WestBank
80,Jenin,73,Female,Married,Spouse,Below Primary,NotWorking_Housewife,<=2000 NIS,No Income,Owned_Spouse,No,Yes,No,NA,DontUse,DontUse,DontUse,DontUse,DontUse,DontUse,DontUse,NA,NA,NA,NA,NA,NA,NA,No,Neutral,Neutral,Neutral,Neutral,Neutral,Neutral,Yes,NoNeed,Yes,No,No,Neutral,Neutral,Neutral,Neutral,Difficult,Difficult,Difficult,Difficult,DontKnow,DontKnow,0,DontKnow,NA,NA,None,0,No,Missing,NoControl,Urban,WestBank
82,Jenin,40,Male,Married,Head,Preparatory,NotWorking_Age/Illness,<=2000 NIS,No Income,Owned_Family,Yes,Yes,Yes,Yes,Use,Use,DontUse,DontUse,DontUse,DontUse,DontUse,Monthly,Never,Never,NA,NA,NA,Counter,No,Disagree,Agree,Agree,Agree,Agree,Agree,Yes,Yes,Yes,No,No,Disagree,Disagree,Agree,Disagree,Easy,Easy,Easy,Easy,Correct,Correct,3,Equal,NA,NA,Partial,0,No,Missing,LowControl,Urban,WestBank
84,Jenin,33,Female,Married,Spouse,Secondary,NotWorking_Housewife,3001-5000 NIS,No Income,Owned_Family,Yes,Yes,Yes,Yes,Use,Use,DontUse,Use,DontUse,Use,Use,Never,Never,Never,Never,Never,Weekly,Counter,Yes_Online,Agree,Agree,Agree,Agree,Agree,Agree,Yes,No,Yes,No,No,Disagree,Disagree,Agree,Agree,Easy,Easy,Easy,Easy,Correct,Correct,3,Equal,NA,NA,Partial,3,Yes,BankAcct,TryToControl,Urban,WestBank
86,Jenin,24,Female,Married,Spouse,Preparatory,NotWorking_Housewife,5001-8000 NIS,No Income,Owned_Spouse,No,Yes,Yes,Yes,Use,Use,DontUse,DontUse,DontUse,DontUse,DontUse,Yearly,Never,NA,NA,NA,NA,Counter,No,Agree,Agree,Agree,Agree,Agree,Agree,No,Yes,No,No,No,Disagree,Disagree,Agree,Agree,Easy,Easy,Easy,Difficult,Correct,Correct,3,DontKnow,Yes,Yes,None,2,No,Missing,TryToControl,Urban,WestBank
88,Jenin,26,Female,Married,Spouse,Bachelors,NotWorking_Housewife,<=2000 NIS,<=2000 NIS,Owned_Spouse,Yes,Yes,Yes,Yes,Use,Use,Use,Use,Use,Use,Use,Unknown,Unknown,Unknown,Unknown,Unknown,Unknown,ATM,Yes_Online,Agree,Agree,Agree,Agree,Agree,Agree,Yes,No,No,No,No,Disagree,Disagree,Agree,Disagree,Difficult,Easy,Easy,Difficult,Correct,Correct,4,DontKnow,Yes,Yes,Partial,2,Yes,CashHome,LowControl,Urban,WestBank
90,Jenin,40,Male,Married,Head,Bachelors,WageEmployee_Govt,3001-5000 NIS,3001-5000 NIS,Owned_Self,No,Yes,Yes,Yes,Use,Use,Use,Use,Use,DontUse,Use,Monthly,Monthly,Monthly,Monthly,NA,Monthly,ATM,Yes_Online,Agree,Agree,Disagree,Disagree,Disagree,StronglyDisagree,No,No,Yes,No,No,TotallyAgree,Disagree,Agree,Agree,VeryEasy,VeryEasy,VeryEasy,VeryEasy,Correct,Correct,3,Equal,Yes,Yes,Complete,6,Yes,BankAcct,TryToControl,Urban,WestBank
92,Jenin,36,Female,Married,Spouse,Preparatory,NotWorking_Housewife,5001-8000 NIS,No Income,Owned_Self,Yes,Yes,Yes,Yes,Use,Use,DontUse,Use,Use,Use,Use,Yearly,Never,Yearly,Never,Monthly,Monthly,ATM,No,Agree,TotallyAgree,Agree,Agree,Disagree,Agree,Yes,No,Yes,Yes,No,Disagree,Disagree,TotallyAgree,Disagree,Easy,Easy,Easy,Easy,Correct,Correct,1,Equal,NA,NA,Partial,5,Yes,CashHome,TryToControl,Urban,WestBank
96,Jenin,39,Male,Married,Head,Preparatory,WageEmployee_IsraelSettlements,5001-8000 NIS,5001-8000 NIS,Owned_Family,Yes,Yes,Yes,Yes,Use,Use,Use,Use,Use,Use,Use,Monthly,Yearly,Weekly,Monthly,Monthly,Monthly,ATM,Yes_Online,Agree,Agree,Agree,Disagree,Disagree,Agree,Yes,Yes,Yes,No,No,TotallyAgree,Disagree,Agree,Agree,Easy,Easy,Easy,Easy,Correct,Correct,3,Equal,Yes,Yes,Partial,5,Yes,CashHome,TryToControl,Urban,WestBank
98,Jenin,43,Female,Married,Spouse,Preparatory,NotWorking_Housewife,3001-5000 NIS,No Income,Owned_Family,Yes,Yes,Yes,Yes,Use,Use,DontUse,Use,DontUse,Use,Use,Monthly,Never,Never,Never,Never,Never,Counter,No,Agree,Agree,Agree,Agree,Agree,Agree,Yes,No,No,No,No,Disagree,Disagree,TotallyAgree,Disagree,Easy,Easy,Easy,Easy,Correct,Correct,3,Equal,NA,NA,Partial,3,Yes,CashHome,UseLog,Urban,WestBank
100,Jenin,55,Female,Married,Spouse,Secondary,NotWorking_Housewife,2001-2500 NIS,No Income,Owned_Spouse,No,Yes,Yes,Yes,Use,Use,DontUse,Use,DontUse,Use,Use,Never,Never,Monthly,Never,Yearly,NA,ATM,No,Disagree,Disagree,Disagree,Disagree,Disagree,Disagree,Yes,No,No,No,No,Disagree,Disagree,Disagree,Disagree,Easy,Easy,Easy,Easy,Correct,Correct,3,More,NA,NA,None,0,No,Missing,LowControl,Urban,WestBank
102,Jenin,40,Male,Married,Head,Preparatory,WageEmployee_IsraelSettlements,3001-5000 NIS,No Income,Owned_Self,No,Yes,Yes,Yes,Use,Use,Use,Use,Use,Use,Use,Monthly,Monthly,Monthly,Monthly,Monthly,Monthly,ATM,Yes_Mobile,Agree,Agree,Agree,Disagree,Disagree,Agree,Yes,No,No,No,No,Disagree,Disagree,Agree,Disagree,Easy,Easy,Easy,Easy,Correct,Correct,3,DontKnow,Yes,Yes,Partial,4,Yes,CashHome,LowControl,Urban,WestBank
106,Jenin,44,Female,Married,Spouse,Primary,NotWorking_Housewife,2001-2500 NIS,No Income,Owned_Family,No,Yes,Yes,No,DontUse,DontUse,DontUse,DontUse,DontUse,DontUse,DontUse,NA,NA,NA,NA,NA,NA,NA,No,Agree,Agree,Agree,Agree,Agree,Agree,Yes,No,No,No,No,Disagree,Disagree,Agree,Disagree,Difficult,Difficult,Difficult,Difficult,DontKnow,DontKnow,0,DontKnow,NA,NA,None,0,No,Missing,NoControl,Urban,WestBank
108,Jenin,59,Female,Single,Head,Primary,NotWorking_Housewife,<=2000 NIS,No Income,Owned_Family,Yes,Yes,Yes,No,Use,Use,DontUse,Use,DontUse,Use,Use,Yearly,Never,Monthly,Never,Monthly,Never,Counter,No,TotallyAgree,TotallyAgree,TotallyAgree,TotallyAgree,Disagree,Disagree,Yes,No,No,No,No,Disagree,Disagree,TotallyAgree,Disagree,Easy,Easy,Easy,Easy,Correct,Correct,3,Equal,NA,NA,None,0,No,Missing,TryToControl,Urban,WestBank
110,Jenin,27,Female,Married,Spouse,Bachelors,NotWorking_Housewife,2501-3000 NIS,No Income,Owned_Family,No,Yes,Yes,Yes,Use,Use,DontUse,DontUse,DontUse,DontUse,DontUse,Never,Never,NA,NA,NA,NA,NA,No,Disagree,Disagree,Disagree,Disagree,Disagree,Disagree,No,No,No,No,No,Disagree,Disagree,Disagree,Disagree,Difficult,Easy,Difficult,Difficult,Correct,Correct,3,Less,Yes,NA,None,2,No,Missing,TryToControl,Urban,WestBank
114,Jenin,53,Female,Married,Spouse,Primary,NotWorking_Housewife,<=2000 NIS,No Income,Owned_Partnership,Yes,Yes,Yes,No,DontUse,DontUse,DontUse,DontUse,DontUse,Use,DontUse,NA,NA,NA,NA,Never,NA,NA,No,Agree,Agree,Agree,Agree,Agree,Agree,Yes,No,No,No,No,Disagree,Disagree,Agree,Disagree,Difficult,Difficult,Difficult,Difficult,DontKnow,DontKnow,0,DontKnow,NA,NA,None,0,Yes,CashHome,LowControl,Urban,WestBank
116,Jenin,75,Male,Married,Head,Below Primary,NotWorking_Age/Illness,<=2000 NIS,No Income,Owned_Self,No,Yes,No,NA,Use,Use,DontUse,DontUse,DontUse,Use,DontUse,Monthly,Never,NA,NA,Yearly,NA,Counter,No,Disagree,Disagree,Disagree,Agree,Agree,Agree,Yes,No,No,No,No,Agree,Disagree,Disagree,Agree,Easy,Easy,Easy,Easy,DontKnow,DontKnow,0,DontKnow,NA,NA,None,0,Yes,CashHome,TryToControl,Urban,WestBank
118,Jenin,63,Female,Widowed,Head,Below Primary,NotWorking_Housewife,<=2000 NIS,No Income,Owned_Self,Yes,Yes,Yes,No,Use,Use,DontUse,Use,DontUse,Use,Use,Monthly,Never,Monthly,Never,Monthly,NA,Counter,No,Agree,Agree,Agree,Agree,Agree,Agree,Yes,No,No,No,No,Disagree,Disagree,Agree,Agree,Easy,Easy,Easy,Easy,DontKnow,DontKnow,0,DontKnow,NA,NA,None,0,No,Missing,LowControl,Urban,WestBank
120,Jenin,44,Female,Widowed,Head,Below Primary,Employer,<=2000 NIS,<=2000 NIS,Owned_Self,No,Yes,Yes,Yes,Use,Use,DontUse,DontUse,DontUse,Use,DontUse,Monthly,Never,NA,NA,Monthly,NA,Counter,No,TotallyAgree,TotallyAgree,TotallyAgree,TotallyAgree,Disagree,Disagree,No,No,No,No,No,Disagree,Disagree,Disagree,Agree,Easy,Easy,Easy,Easy,DontKnow,DontKnow,0,DontKnow,NA,NA,None,0,No,Missing,LowControl,Urban,WestBank
122,Jenin,66,Female,Widowed,Head,Below Primary,NotWorking_Housewife,<=2000 NIS,No Income,Owned_Family,Yes,Yes,Yes,No,Use,Use,DontUse,Use,DontUse,DontUse,DontUse,Yearly,Never,Yearly,Never,NA,NA,Counter,No,Disagree,Disagree,Disagree,Disagree,Agree,Agree,No,No,No,No,No,TotallyAgree,Disagree,Disagree,Agree,Easy,Easy,Easy,Easy,DontKnow,DontKnow,0,DontKnow,NA,NA,None,0,No,Missing,LowControl,Urban,WestBank
124,Jenin,52,Male,Married,Head,Bachelors,WageEmployee_Govt,3001-5000 NIS,3001-5000 NIS,Owned_Self,Yes,Yes,Yes,Yes,Use,Use,Use,Use,Use,Use,Use,Monthly,Monthly,Monthly,Monthly,Monthly,Weekly,ATM,Yes_Online,Disagree,Disagree,Disagree,Disagree,Disagree,Disagree,No,Yes,Yes,No,No,StronglyDisagree,StronglyDisagree,StronglyDisagree,Disagree,Easy,Easy,Easy,Easy,Correct,Correct,3,Less,Yes,Yes,Partial,6,Yes,BankAcct,TryToControl,Urban,WestBank
128,Jenin,36,Male,Married,Head,Preparatory,WageEmployee_Govt,3001-5000 NIS,2501-3000 NIS,Owned_Family,No,Yes,Yes,Yes,Use,Use,Use,Use,Use,Use,Use,Weekly,Yearly,Weekly,Monthly,Monthly,Monthly,ATM,Yes_Mobile,Disagree,Disagree,Agree,Disagree,Disagree,Agree,No,No,No,Yes,No,Disagree,Disagree,Disagree,Disagree,Easy,Easy,Easy,Easy,Correct,Correct,3,Less,Yes,NA,Partial,2,Yes,BankAcct,LowControl,Urban,WestBank
130,Jenin,63,Male,Married,Head,Below Primary,NotWorking_Looking,<=2000 NIS,No Income,Owned_Self,Yes,Yes,No,NA,Use,Use,DontUse,DontUse,DontUse,Use,DontUse,Monthly,Never,Never,Never,Never,NA,Counter,No,TotallyAgree,TotallyAgree,TotallyAgree,TotallyAgree,StronglyDisagree,StronglyDisagree,No,No,No,No,No,TotallyAgree,Disagree,Disagree,StronglyDisagree,Easy,Easy,Difficult,Difficult,DontKnow,DontKnow,0,DontKnow,NA,NA,None,0,No,Missing,TryToControl,Urban,WestBank
132,Jenin,46,Male,Married,Head,Below Primary,SelfEmployed,2001-2500 NIS,2001-2500 NIS,Owned_Self,No,Yes,Yes,No,Use,Use,DontUse,DontUse,DontUse,Use,DontUse,Monthly,Never,NA,NA,NA,NA,Counter,No,TotallyAgree,Agree,Agree,Agree,Disagree,Disagree,Yes,No,No,No,No,Agree,Disagree,Disagree,Agree,Easy,Easy,DontKnow,DontKnow,DontKnow,DontKnow,0,DontKnow,NA,NA,None,0,No,Missing,TryToControl,Urban,WestBank
134,Jenin,29,Male,Single,Child,Bachelors,NotWorking_Looking,5001-8000 NIS,No Income,Owned_Family,Yes,Yes,Yes,Yes,Use,Use,DontUse,Use,DontUse,Use,DontUse,Monthly,Never,Never,Never,Never,NA,ATM,No,Agree,Agree,Agree,Agree,Agree,Agree,Yes,Yes,Yes,No,No,Disagree,Disagree,Agree,Agree,Easy,Easy,Easy,Easy,Correct,Correct,5,Equal,NA,NA,Partial,6,No,Missing,TryToControl,Urban,WestBank
136,Jenin,63,Male,Married,Head,Below Primary,NotWorking_Retired,<=2000 NIS,<=2000 NIS,Owned_Self,Yes,Yes,Yes,Yes,Use,Use,Use,Use,Use,Use,Use,Monthly,Monthly,Monthly,Monthly,Monthly,Yearly,ATM,Yes_Online,Disagree,Disagree,Disagree,Disagree,Disagree,Disagree,Yes,No,No,No,No,Agree,Disagree,Agree,Disagree,Difficult,Easy,Easy,Difficult,Correct,Correct,3,DontKnow,Yes,Yes,Partial,0,Yes,BankAcct,LowControl,Urban,WestBank
138,Jenin,46,Female,Widowed,Head,Below Primary,NotWorking_Housewife,<=2000 NIS,No Income,Owned_Partnership,Yes,Yes,Yes,No,DontUse,DontUse,DontUse,DontUse,DontUse,DontUse,DontUse,NA,NA,NA,NA,NA,NA,NA,No,Agree,Agree,Agree,Agree,Agree,Agree,No,No,No,No,Yes,Disagree,Disagree,Agree,Agree,Easy,Easy,Difficult,Difficult,DontKnow,DontKnow,0,DontKnow,NA,NA,None,0,No,Missing,TryToControl,Urban,WestBank
140,Jenin,69,Male,Married,Head,Below Primary,NotWorking_Retired,<=2000 NIS,<=2000 NIS,Owned_Partnership,No,Yes,Yes,No,Use,Use,DontUse,DontUse,DontUse,DontUse,DontUse,Monthly,NA,NA,NA,NA,NA,Counter,No,Disagree,Disagree,Disagree,Disagree,Disagree,Disagree,Yes,No,No,No,No,Disagree,Disagree,Disagree,Disagree,Difficult,Easy,Easy,Difficult,DontKnow,DontKnow,0,DontKnow,Yes,NA,Partial,0,No,Missing,LowControl,Urban,WestBank
142,Jenin,40,Female,Married,Spouse,Preparatory,NotWorking_Housewife,2001-2500 NIS,2001-2500 NIS,Owned_Family,No,Yes,Yes,Yes,Use,Use,DontUse,DontUse,DontUse,DontUse,DontUse,Never,Never,NA,NA,NA,NA,NA,No,TotallyAgree,TotallyAgree,TotallyAgree,TotallyAgree,Disagree,Disagree,Yes,Yes,Yes,No,No,Disagree,Disagree,TotallyAgree,Disagree,Easy,Easy,DontKnow,DontKnow,Correct,Correct,1,Equal,NA,NA,None,0,No,Missing,TryToControl,Urban,WestBank
144,Jenin,41,Male,Married,Head,Preparatory,WageEmployee_Private,2001-2500 NIS,2001-2500 NIS,Owned_Self,Yes,Yes,Yes,No,Use,Use,DontUse,DontUse,DontUse,Use,DontUse,Monthly,Never,NA,NA,NA,NA,Counter,No,Agree,Agree,Agree,Agree,Disagree,Disagree,Yes,No,No,No,No,Agree,Disagree,Agree,Agree,Easy,Easy,Easy,Easy,Correct,Correct,3,Less,NA,NA,None,0,No,Missing,TryToControl,Urban,WestBank
146,Jenin,36,Female,Married,Spouse,Bachelors,NotWorking_Housewife,3001-5000 NIS,No Income,Owned_Self,Yes,Yes,Yes,Yes,Use,Use,Use,Use,Use,Use,Use,Monthly,Monthly,Monthly,Monthly,Monthly,Yearly,Counter,Yes_Online,Agree,Agree,Agree,Disagree,Disagree,Disagree,Yes,No,Yes,Yes,No,Agree,Disagree,Disagree,Disagree,Easy,Easy,Easy,Easy,Incorrect,Correct,2,Less,Yes,No,Partial,1,Yes,CashHome,TryToControl,Urban,WestBank
148,Jenin,53,Male,Married,Head,Preparatory,WageEmployee_IsraelSettlements,3001-5000 NIS,3001-5000 NIS,Owned_Self,Yes,Yes,Yes,Yes,Use,Use,Use,Use,Use,Use,Use,Monthly,Monthly,Monthly,Monthly,Monthly,Yearly,ATM,Yes_Online,Agree,Agree,Agree,Agree,Agree,Agree,Yes,Yes,Yes,No,No,Agree,Disagree,Disagree,Agree,Easy,Easy,Easy,Easy,Correct,Correct,3,Equal,NA,NA,Partial,2,No,Missing,TryToControl,Urban,WestBank
150,Jenin,32,Female,Married,Spouse,Bachelors,NotWorking_Housewife,<=2000 NIS,No Income,Owned_Family,No,Yes,Yes,Yes,DontUse,DontUse,DontUse,DontUse,DontUse,DontUse,DontUse,NA,NA,NA,NA,NA,NA,NA,No,Agree,Agree,Agree,Agree,Agree,Agree,Yes,No,Yes,No,No,Disagree,Disagree,Agree,Agree,Easy,Easy,Easy,Easy,Correct,Correct,3,Less,NA,NA,None,2,No,Missing,NoControl,Urban,WestBank
152,Jenin,69,Male,Married,Head,Bachelors,Employer,3001-5000 NIS,3001-5000 NIS,Owned_Self,No,Yes,Yes,Yes,Use,Use,Use,Use,Use,Use,Use,Monthly,Monthly,Monthly,Monthly,Monthly,Monthly,ATM,Yes_Online,Disagree,Disagree,Disagree,Disagree,Disagree,Disagree,No,No,No,Yes,No,Disagree,Disagree,Disagree,Disagree,Easy,Easy,Easy,Easy,Correct,Correct,4,Equal,Yes,NA,Complete,1,Yes,BankAcct,TryToControl,Urban,WestBank
154,Jenin,74,Male,Married,Head,Associate Diploma,Employer,2001-2500 NIS,2001-2500 NIS,Owned_Self,Yes,Yes,Yes,Yes,Use,Use,Use,DontUse,DontUse,DontUse,DontUse,NA,NA,NA,NA,NA,NA,NA,No,Agree,Agree,DontKnow,Agree,Agree,Agree,No,No,No,No,No,Agree,Disagree,DontKnow,Disagree,I don't know,Difficult,Difficult,I don't know,Correct,Correct,3,More,NA,NA,None,1,No,Missing,NoControl,Rural,WestBank
156,Jenin,34,Female,Married,Spouse,Preparatory,NotWorking_Housewife,2001-2500 NIS,No Income,Owned_Partnership,Yes,Yes,Yes,No,DontUse,DontUse,DontUse,DontUse,DontUse,DontUse,DontUse,NA,NA,NA,NA,NA,NA,NA,No,Agree,Agree,Agree,Agree,Agree,Agree,Yes,No,No,No,No,Agree,Disagree,Agree,Agree,Difficult,Difficult,Difficult,I don't know,Correct,Correct,1,Equal,NA,NA,None,4,Yes,Loan_MFI,TryToControl,Rural,WestBank
158,Jenin,46,Male,Married,Head,Primary,WageEmployee_Private,3001-5000 NIS,2501-3000 NIS,Owned_Partnership,Yes,Yes,Yes,No,DontUse,DontUse,DontUse,DontUse,DontUse,DontUse,DontUse,NA,NA,NA,NA,NA,NA,NA,No,Agree,Agree,Agree,Agree,Agree,Agree,Yes,No,No,No,No,Agree,Disagree,Neutral,Agree,Easy,Easy,Easy,Difficult,Correct,Correct,3,Less,NA,NA,None,2,No,Missing,UseLog,Rural,WestBank
160,Jenin,25,Female,Single,Child,Bachelors,NotWorking_Looking,3001-5000 NIS,No Income,Owned_Family,Yes,Yes,Yes,Yes,DontUse,DontUse,DontUse,DontUse,DontUse,DontUse,DontUse,NA,NA,NA,NA,NA,NA,NA,No,Disagree,Agree,Disagree,Disagree,Agree,Agree,Yes,NoNeed,NoNeed,No,No,DontKnow,Disagree,Neutral,Disagree,Difficult,Easy,Difficult,Easy,False,Correct,3,Less,NA,NA,None,1,No,Missing,NoControl,Rural,WestBank
162,Jenin,25,Male,Single,Child,Bachelors,WageEmployee_IsraelSettlements,>12000 NIS,5001-8000 NIS,Owned_Family,Yes,Yes,Yes,Yes,Use,Use,Use,Use,Use,Use,Use,Weekly,Monthly,Weekly,Weekly,Monthly,Monthly,ATM,Yes_Mobile,Disagree,Disagree,Disagree,Disagree,Disagree,Disagree,No,No,No,Yes,No,DontKnow,Agree,DontKnow,Disagree,Difficult,Easy,Easy,Easy,Correct,Correct,3,Equal,Yes,Yes,Complete,2,Yes,CashHome,LowControl,Rural,WestBank
164,Jenin,44,Female,Married,Spouse,Associate Diploma,WageEmployee_CivilInstitution,8001-12000 NIS,<=2000 NIS,Owned_Spouse,Yes,Yes,Yes,Yes,Use,Use,Use,Use,Use,Use,Use,Weekly,Weekly,Weekly,Weekly,Weekly,Monthly,ATM,Yes_Online,Agree,TotallyAgree,TotallyAgree,TotallyAgree,TotallyAgree,TotallyAgree,No,No,No,No,No,Disagree,Disagree,Disagree,Agree,Easy,Easy,Easy,Easy,Correct,Correct,3,Less,Yes,NA,Complete,6,Yes,CashHome,LowControl,Rural,WestBank
172,Jenin,34,Female,Married,Spouse,Bachelors,NotWorking_Looking,3001-5000 NIS,No Income,Owned_Spouse,Yes,Yes,Yes,Yes,Use,Use,DontUse,Use,DontUse,Use,DontUse,Never,Never,Never,Never,Monthly,NA,Counter,No,Disagree,Disagree,Disagree,Disagree,Disagree,Disagree,Yes,No,Yes,No,No,Agree,Agree,Disagree,Neutral,Difficult,Easy,Difficult,Easy,False,Correct,1,Less,NA,Yes,Complete,3,Yes,Loan_MFI,LowControl,Rural,WestBank
176,Jenin,61,Male,Married,Head,Bachelors,NotWorking_Retired,5001-8000 NIS,5001-8000 NIS,Owned_Self,Yes,Yes,Yes,Yes,Use,Use,Use,Use,Use,Use,Use,Monthly,Monthly,Monthly,Monthly,Monthly,Monthly,ATM,Yes_Online,TotallyAgree,TotallyAgree,TotallyAgree,TotallyAgree,Disagree,Disagree,No,Yes,Yes,No,No,Disagree,Disagree,TotallyAgree,Neutral,Difficult,Easy,Difficult,Difficult,Correct,Correct,6,Equal,Yes,NA,Complete,6,Yes,BankAcct,LowControl,Rural,WestBank
180,Jenin,27,Male,Single,Child,Preparatory,WageEmployee_IsraelSettlements,8001-12000 NIS,3001-5000 NIS,Owned_Family,Yes,Yes,Yes,Yes,Use,Use,Use,Use,Use,Use,Use,Yearly,Yearly,Monthly,Monthly,Monthly,Monthly,ATM,No,Disagree,Disagree,Disagree,Disagree,Disagree,TotallyAgree,Yes,No,No,No,No,StronglyDisagree,StronglyDisagree,StronglyDisagree,StronglyDisagree,Easy,Easy,Easy,Difficult,Correct,Correct,4,Equal,Yes,NA,Complete,6,Yes,BankAcct,NoControl,Rural,WestBank
184,Jenin,34,Male,Married,Head,Preparatory,WageEmployee_IsraelSettlements,3001-5000 NIS,5001-8000 NIS,Owned_Self,No,Yes,Yes,Yes,Use,Use,DontUse,Use,DontUse,Use,Use,Yearly,Never,Yearly,Never,Yearly,NA,Counter,No,TotallyAgree,TotallyAgree,TotallyAgree,TotallyAgree,Disagree,Disagree,Yes,No,No,No,No,StronglyDisagree,StronglyDisagree,StronglyDisagree,StronglyDisagree,Difficult,Easy,Difficult,Difficult,Correct,Correct,4,Equal,Yes,NA,Complete,6,No,Missing,LowControl,Rural,WestBank
186,Jenin,48,Female,Married,Spouse,Preparatory,NotWorking_Housewife,8001-12000 NIS,No Income,Owned_Spouse,Yes,Yes,Yes,Yes,DontUse,DontUse,DontUse,DontUse,DontUse,Use,DontUse,NA,NA,NA,NA,Yearly,NA,NA,No,TotallyAgree,TotallyAgree,TotallyAgree,TotallyAgree,Disagree,Disagree,No,No,No,Yes,No,TotallyAgree,StronglyDisagree,StronglyDisagree,StronglyDisagree,Difficult,Easy,Difficult,Difficult,Correct,Correct,2,Less,Yes,Yes,Complete,3,No,Missing,LowControl,Rural,WestBank
188,Jenin,35,Male,Married,Head,Primary,SelfEmployed,3001-5000 NIS,3001-5000 NIS,Owned_Self,No,Yes,Yes,No,DontUse,DontUse,DontUse,DontUse,DontUse,DontUse,DontUse,NA,NA,NA,NA,NA,NA,NA,No,Disagree,Disagree,Disagree,Disagree,Disagree,Agree,Yes,No,No,No,No,StronglyDisagree,StronglyDisagree,StronglyDisagree,StronglyDisagree,Difficult,Easy,Difficult,Difficult,Correct,Correct,3,Equal,Yes,NA,Complete,7,Yes,CashHome,LowControl,Rural,WestBank
190,Jenin,47,Male,Married,Head,Below Primary,WageEmployee_IsraelSettlements,3001-5000 NIS,3001-5000 NIS,Owned_Self,No,Yes,No,NA,DontUse,DontUse,DontUse,DontUse,DontUse,DontUse,DontUse,NA,NA,NA,NA,NA,NA,NA,No,TotallyAgree,TotallyAgree,TotallyAgree,TotallyAgree,Disagree,Disagree,Yes,No,No,No,No,TotallyAgree,Disagree,Disagree,Disagree,Easy,Easy,Easy,DontKnow,Correct,Correct,3,Equal,NA,NA,None,0,No,Missing,LowControl,Rural,WestBank
192,Jenin,20,Female,Single,Child,Secondary,NotWorking_Student,8001-12000 NIS,No Income,Owned_Family,Yes,Yes,Yes,Yes,Use,Use,Use,Use,Use,Use,Use,Yearly,Yearly,Monthly,Monthly,Monthly,Monthly,ATM,Yes_Mobile,Agree,Agree,Agree,Agree,Agree,Agree,No,No,No,NoNeed,No,Agree,Disagree,Neutral,Disagree,Easy,Easy,Easy,Easy,Correct,Correct,3,Equal,NA,NA,Partial,2,No,Missing,TryToControl,Rural,WestBank
194,Jenin,52,Female,Married,Spouse,Primary,NotWorking_Housewife,3001-5000 NIS,No Income,Owned_Spouse,Yes,Yes,Yes,No,DontUse,DontUse,DontUse,DontUse,DontUse,Use,DontUse,NA,NA,NA,NA,Weekly,NA,NA,No,Disagree,Disagree,Disagree,Disagree,Disagree,Disagree,Yes,No,No,No,No,DontKnow,Disagree,Neutral,Neutral,Difficult,Difficult,Difficult,Difficult,Incorrect,Correct,0,Less,NA,NA,None,0,No,Missing,NoControl,Rural,WestBank
196,Jenin,48,Female,Married,Spouse,Primary,NotWorking_Housewife,3001-5000 NIS,No Income,Owned_Spouse,Yes,Yes,Yes,Yes,Use,Use,DontUse,DontUse,DontUse,Use,DontUse,Yearly,Never,NA,NA,Yearly,NA,Counter,No,TotallyAgree,TotallyAgree,TotallyAgree,TotallyAgree,Disagree,Disagree,Yes,No,No,No,No,Agree,Disagree,Neutral,DontKnow,Easy,Easy,Easy,Easy,Correct,Correct,3,Equal,NA,NA,None,1,No,Missing,LowControl,Rural,WestBank
198,Jenin,23,Male,Single,Child,Preparatory,WageEmployee_IsraelSettlements,5001-8000 NIS,5001-8000 NIS,Owned_Family,No,Yes,Yes,Yes,Use,Use,Use,Use,Use,Use,Use,Yearly,Monthly,Monthly,Monthly,Yearly,Yearly,ATM,Yes_Online,Disagree,TotallyAgree,TotallyAgree,Disagree,Disagree,Agree,No,Yes,Yes,No,No,Disagree,Disagree,TotallyAgree,DontKnow,VeryEasy,VeryEasy,VeryEasy,Difficult,False,Correct,5,Equal,No,No,Complete,5,No,Missing,UseLog,Rural,WestBank
200,Jenin,67,Male,Married,Head,Preparatory,NotWorking_Age/Illness,<=2000 NIS,<=2000 NIS,Owned_Self,Yes,Yes,Yes,No,Use,Use,Use,DontUse,DontUse,DontUse,DontUse,NA,NA,NA,NA,NA,NA,NA,No,TotallyAgree,TotallyAgree,TotallyAgree,TotallyAgree,Disagree,Disagree,Yes,No,No,No,No,Agree,Disagree,Disagree,Disagree,Difficult,Difficult,Difficult,Difficult,Correct,Correct,2,DontKnow,NA,NA,None,2,No,Missing,NoControl,Rural,WestBank
204,Jenin,59,Male,Divorced,Head,Primary,NotWorking_Age/Illness,2501-3000 NIS,No Income,Owned_Self,Yes,Yes,Yes,No,DontUse,DontUse,DontUse,DontUse,DontUse,DontUse,DontUse,NA,NA,NA,NA,NA,NA,NA,No,Disagree,Agree,Agree,Agree,Disagree,Agree,Yes,Yes,Yes,No,No,Agree,Disagree,Neutral,Neutral,Easy,Easy,Easy,Impossible,Correct,DontKnow,2,Less,Yes,Yes,Partial,0,No,Missing,LowControl,Urban,WestBank
206,Jenin,34,Female,Married,Child,Bachelors,WageEmployee_Private,5001-8000 NIS,2501-3000 NIS,Rent,No,Yes,Yes,Yes,Use,Use,Use,Use,Use,Use,Use,Monthly,Monthly,Monthly,Monthly,Monthly,Yearly,ATM,Yes_Online,Agree,Agree,Agree,Agree,Agree,Agree,No,No,No,No,No,Agree,Agree,Agree,Agree,VeryEasy,VeryEasy,VeryEasy,VeryEasy,Correct,Correct,3,Equal,NA,NA,Partial,6,Yes,BankAcct,TryToControl,Urban,WestBank
210,Jenin,57,Female,Widowed,Spouse,Bachelors,WageEmployee_Govt,3001-5000 NIS,3001-5000 NIS,Owned_Spouse,No,Yes,Yes,Yes,Use,Use,Use,Use,Use,Use,Use,Monthly,Monthly,Monthly,Monthly,Monthly,Monthly,ATM,Yes_Online,Agree,Agree,Agree,Agree,Disagree,Disagree,No,No,No,No,No,Agree,Disagree,Agree,Disagree,Easy,Easy,Easy,Impossible,Correct,Correct,6,Equal,Yes,Yes,Complete,4,Yes,BankAcct,LowControl,Urban,WestBank
212,Jenin,51,Male,Single,Head,Primary,NotWorking_Looking,No Income,No Income,Rent,No,Yes,Yes,Yes,DontUse,DontUse,DontUse,DontUse,DontUse,DontUse,DontUse,NA,NA,NA,NA,NA,NA,NA,No,Agree,Agree,Agree,Agree,Agree,Agree,No,No,Yes,No,No,Agree,Disagree,Agree,Disagree,Difficult,Difficult,Difficult,Difficult,Correct,Correct,3,Less,NA,NA,None,0,Yes,Loan_FamilyFriends,TryToControl,Urban,WestBank
214,Jenin,49,Female,Divorced,Head,Secondary,NotWorking_Housewife,2501-3000 NIS,No Income,Owned_Self,Yes,Yes,Yes,Yes,Use,Use,Use,Use,Use,Use,Use,Monthly,Monthly,Monthly,Monthly,Monthly,Yearly,Counter,No,Disagree,Disagree,Disagree,Disagree,Disagree,Disagree,No,Yes,No,No,No,Disagree,Disagree,Disagree,Disagree,VeryEasy,VeryEasy,VeryEasy,VeryEasy,Correct,Correct,2,Less,NA,NA,Partial,0,Yes,Loan_FamilyFriends,TryToControl,Urban,WestBank
216,Jenin,23,Male,Single,Child,Bachelors,WageEmployee_Govt,3001-5000 NIS,2001-2500 NIS,Owned_Family,No,Yes,Yes,Yes,Use,Use,Use,Use,Use,Use,Use,Monthly,Monthly,Monthly,Monthly,Monthly,Monthly,ATM,Yes_Online,Agree,Agree,Agree,Agree,Disagree,Disagree,No,Yes,No,No,No,Disagree,Disagree,Disagree,Agree,Easy,Easy,Easy,Impossible,Correct,Correct,4,Less,Yes,Yes,Partial,6,No,Missing,NoControl,Urban,WestBank
218,Jenin,47,Female,Widowed,Head,Primary,NotWorking_Housewife,<=2000 NIS,<=2000 NIS,Owned_Self,Yes,Yes,Yes,Yes,Use,Use,Use,Use,Use,Use,Use,Never,Never,Never,Never,Monthly,Monthly,Counter,No,Agree,Agree,Agree,Agree,Agree,Agree,Yes,No,Yes,No,No,Disagree,Disagree,Disagree,Agree,Easy,Easy,Easy,Easy,Correct,DontKnow,4,DontKnow,NA,NA,None,0,No,Missing,NoControl,Urban,WestBank
220,Jenin,19,Male,Single,Other,Secondary,NotWorking_Student,2501-3000 NIS,No Income,Owned_Family,No,Yes,Yes,Yes,DontUse,DontUse,DontUse,DontUse,DontUse,DontUse,DontUse,NA,NA,NA,NA,NA,NA,NA,No,Agree,Agree,Agree,Agree,Agree,Agree,Yes,NoNeed,NoNeed,No,No,Agree,Disagree,Neutral,Neutral,Easy,Easy,Easy,Difficult,Correct,Correct,4,Less,Yes,Yes,Partial,6,No,Missing,NoControl,Urban,WestBank
222,Jenin,68,Male,Married,Head,Below Primary,NotWorking_Age/Illness,<=2000 NIS,<=2000 NIS,Owned_Self,Yes,Yes,No,NA,DontUse,DontUse,DontUse,DontUse,DontUse,DontUse,DontUse,NA,NA,NA,NA,NA,NA,NA,No,TotallyAgree,TotallyAgree,TotallyAgree,TotallyAgree,Disagree,Disagree,Yes,Yes,Yes,No,No,Disagree,Disagree,Agree,Disagree,Easy,Easy,Easy,Easy,False,Correct,2,Less,NA,NA,None,3,No,Missing,LowControl,Urban,WestBank
224,Jenin,31,Male,Married,Head,Associate Diploma,WageEmployee_Private,<=2000 NIS,<=2000 NIS,Owned_Self,No,Yes,Yes,Yes,Use,Use,Use,Use,Use,Use,Use,Yearly,Yearly,Weekly,Monthly,Monthly,Monthly,ATM,Yes_Online,Disagree,Disagree,Disagree,Disagree,Agree,Disagree,No,Yes,No,No,Yes,Neutral,Agree,Agree,Agree,Easy,Easy,Difficult,Difficult,Correct,Correct,4,Equal,No,No,Partial,3,No,Missing,TryToControl,Urban,WestBank
226,Jenin,57,Female,Married,Spouse,Preparatory,NotWorking_Housewife,2501-3000 NIS,No Income,Owned_Spouse,No,Yes,Yes,Yes,Use,Use,DontUse,DontUse,DontUse,Use,Use,Yearly,Never,NA,NA,Yearly,Yearly,Counter,No,Agree,Agree,Agree,Agree,Agree,Agree,No,Yes,Yes,No,No,Disagree,Disagree,Disagree,Disagree,Easy,Easy,Easy,Easy,Correct,Correct,1,Less,Yes,Yes,Partial,0,No,Missing,NoControl,Urban,WestBank
228,Jenin,58,Female,Divorced,Child,Preparatory,NotWorking_Age/Illness,5001-8000 NIS,<=2000 NIS,Owned_Self,Yes,Yes,Yes,Yes,DontUse,DontUse,DontUse,DontUse,DontUse,DontUse,DontUse,NA,NA,NA,NA,NA,NA,NA,No,Agree,Disagree,Disagree,Agree,Disagree,Disagree,No,Yes,No,No,No,TotallyAgree,Agree,DontKnow,Agree,Easy,Difficult,Difficult,Difficult,False,Correct,3,Equal,Yes,Yes,Partial,6,Yes,Other,LowControl,Urban,WestBank
230,Jenin,39,Female,Married,Spouse,Preparatory,WageEmployee_IsraelSettlements,8001-12000 NIS,2001-2500 NIS,Rent,Yes,Yes,Yes,Yes,Use,Use,DontUse,Use,Use,Use,Use,Monthly,Never,Never,Never,Never,Never,ATM,No,Agree,Agree,Disagree,Agree,Disagree,Agree,No,No,No,No,No,StronglyDisagree,StronglyDisagree,Agree,StronglyDisagree,Easy,Easy,Easy,Easy,DontKnow,False,2,Less,No,No,Partial,4,Yes,CashHome,LowControl,Urban,WestBank
232,Jenin,78,Female,Widowed,Head,Primary,NotWorking_Age/Illness,No Income,No Income,Owned_Family,No,Yes,Yes,No,Use,Use,DontUse,Use,DontUse,Use,Use,Monthly,Never,Never,Never,Never,Never,Counter,No,TotallyAgree,TotallyAgree,TotallyAgree,TotallyAgree,Disagree,Disagree,Yes,No,No,No,No,DontKnow,DontKnow,DontKnow,Neutral,Difficult,Difficult,Difficult,Difficult,DontKnow,Correct,2,More,NA,NA,None,0,Yes,Loan_FamilyFriends,NoControl,Urban,WestBank
234,Jenin,66,Female,Married,Child,Associate Diploma,Employer,>12000 NIS,2501-3000 NIS,Owned_Family,No,Yes,Yes,Yes,Use,Use,Use,Use,Use,Use,Use,Never,Never,Never,Never,Never,Never,Counter,No,Agree,Agree,Agree,Agree,Agree,Agree,No,No,No,No,No,StronglyDisagree,Disagree,Neutral,TotallyAgree,Easy,VeryEasy,VeryEasy,Difficult,False,Correct,2,Less,No,No,Complete,5,Yes,Loan_FamilyFriends,LowControl,Urban,WestBank
236,Jenin,48,Female,Widowed,Head,Preparatory,NotWorking_Housewife,5001-8000 NIS,<=2000 NIS,Owned_Family,Yes,Yes,Yes,No,Use,DontUse,DontUse,DontUse,DontUse,Use,Use,Weekly,NA,NA,NA,Weekly,NA,Counter,No,Agree,Agree,Agree,Agree,Agree,Agree,No,NoNeed,No,No,No,TotallyAgree,Agree,Agree,Agree,Difficult,Difficult,Difficult,Difficult,DontKnow,False,3,Less,Yes,Yes,Partial,6,Yes,Other,LowControl,Urban,WestBank
242,Jenin,33,Female,Married,Child,Preparatory,WageEmployee_CivilInstitution,5001-8000 NIS,<=2000 NIS,Owned_Family,No,Yes,Yes,Yes,DontUse,DontUse,DontUse,DontUse,DontUse,DontUse,DontUse,NA,NA,NA,NA,NA,NA,NA,No,Agree,Agree,Agree,Agree,Agree,Agree,No,No,No,No,No,Disagree,StronglyDisagree,StronglyDisagree,StronglyDisagree,Difficult,Difficult,Impossible,Difficult,False,Correct,1,Equal,Yes,Yes,Partial,5,No,Missing,NoControl,Urban,WestBank
244,Jenin,37,Female,Married,Spouse,Preparatory,WageEmployee_IsraelSettlements,5001-8000 NIS,<=2000 NIS,Owned_Self,No,Yes,Yes,Yes,Use,Use,Use,Use,Use,Use,Use,Monthly,Monthly,Monthly,Monthly,Monthly,NA,Counter,No,Disagree,Disagree,Disagree,Disagree,Disagree,Disagree,No,No,Yes,No,No,StronglyDisagree,Disagree,StronglyDisagree,Disagree,Easy,Easy,Easy,Difficult,False,Correct,3,Less,Yes,No,Partial,5,No,Missing,LowControl,Urban,WestBank
246,Jenin,66,Male,Married,Head,Bachelors,NotWorking_Retired,>12000 NIS,3001-5000 NIS,Owned_Family,Yes,Yes,Yes,Yes,Use,Use,Use,Use,Use,Use,Use,Monthly,Monthly,Monthly,Monthly,Monthly,Monthly,ATM,Yes_Online,Disagree,Agree,Agree,Disagree,Disagree,Agree,No,Yes,No,No,No,StronglyDisagree,Agree,Agree,StronglyDisagree,Difficult,VeryEasy,VeryEasy,Difficult,DontKnow,Correct,0,DontKnow,No,No,Complete,5,No,Missing,NoControl,Urban,WestBank
248,Jenin,47,Female,Married,Spouse,Preparatory,NotWorking_Housewife,5001-8000 NIS,No Income,Owned_Spouse,Yes,Yes,Yes,Yes,Use,Use,Use,Use,Use,Use,Use,Weekly,Never,Never,Never,Never,Monthly,Counter,Yes_Online,Agree,TotallyAgree,TotallyAgree,StronglyDisagree,StronglyDisagree,StronglyDisagree,NoNeed,No,No,Yes,No,Disagree,Disagree,Disagree,StronglyDisagree,VeryEasy,VeryEasy,VeryEasy,VeryEasy,Correct,Correct,3,Less,NA,NA,None,0,No,Missing,TryToControl,Urban,WestBank
250,Jenin,42,Male,Married,Spouse,Associate Diploma,WageEmployee_Govt,>12000 NIS,3001-5000 NIS,Owned_Family,Yes,Yes,Yes,Yes,Use,Use,Use,Use,Use,Use,Use,Monthly,Monthly,Monthly,Monthly,Monthly,NA,ATM,Yes_Online,TotallyAgree,TotallyAgree,Disagree,TotallyAgree,StronglyDisagree,StronglyDisagree,No,No,No,Yes,No,Agree,Agree,TotallyAgree,StronglyDisagree,Difficult,VeryEasy,VeryEasy,Impossible,False,Correct,2,Less,Yes,Yes,Complete,5,Yes,Loan_Bank,LowControl,Urban,WestBank
252,Jenin,64,Female,Widowed,Spouse,Below Primary,NotWorking_Housewife,8001-12000 NIS,<=2000 NIS,Owned_Self,Yes,Yes,Yes,Yes,Use,Use,Use,Use,Use,Use,Use,Monthly,Monthly,Never,Never,Never,Never,Counter,No,Disagree,Disagree,Disagree,Disagree,Disagree,Disagree,Yes,No,No,No,No,Agree,Agree,DontKnow,Neutral,Easy,Easy,Difficult,Difficult,False,Correct,3,Equal,Yes,Yes,Complete,5,No,Missing,LowControl,Urban,WestBank
254,Jenin,50,Male,Married,Head,Secondary,Employer,8001-12000 NIS,3001-5000 NIS,Owned_Self,No,Yes,Yes,Yes,Use,Use,Use,Use,Use,Use,Use,Yearly,NA,NA,NA,NA,Yearly,ATM,No,TotallyAgree,TotallyAgree,TotallyAgree,TotallyAgree,Disagree,Disagree,Yes,No,No,No,No,TotallyAgree,Disagree,TotallyAgree,TotallyAgree,Easy,Easy,Easy,DontKnow,Correct,Correct,3,Less,NA,NA,None,0,No,Missing,LowControl,Urban,WestBank
256,Jenin,58,Male,Married,Head,Secondary,SelfEmployed,3001-5000 NIS,2501-3000 NIS,Owned_Self,Yes,Yes,Yes,Yes,Use,Use,Use,Use,Use,Use,Use,Monthly,Monthly,Monthly,Monthly,Monthly,Monthly,ATM,Yes_Online,Agree,Agree,Agree,Agree,Disagree,Disagree,Yes,Yes,Yes,No,No,Agree,Disagree,Disagree,TotallyAgree,Easy,Easy,Impossible,Difficult,Correct,Correct,3,Equal,NA,NA,Partial,5,Yes,CashHome,LowControl,Urban,WestBank
258,Jenin,43,Female,Divorced,Head,Primary,NotWorking_Housewife,2501-3000 NIS,No Income,Rent,Yes,Yes,Yes,Yes,Use,Use,Use,Use,Use,Use,Use,Monthly,Monthly,Monthly,Monthly,Monthly,Monthly,Counter,No,Agree,Agree,Agree,Agree,Agree,Agree,Yes,Yes,Yes,No,No,Agree,Disagree,Disagree,Agree,VeryEasy,VeryEasy,VeryEasy,VeryEasy,Correct,Correct,0,Equal,Yes,No,Partial,5,Yes,CashHome,LowControl,Urban,WestBank
262,Jenin,42,Male,Married,Head,Preparatory,WageEmployee_IsraelSettlements,8001-12000 NIS,5001-8000 NIS,Owned_Self,No,Yes,Yes,Yes,Use,Use,Use,Use,Use,Use,Use,Monthly,Monthly,Monthly,Monthly,Monthly,Monthly,ATM,Yes_Online,Disagree,Disagree,Agree,Disagree,Disagree,Disagree,Yes,No,No,No,No,Agree,Disagree,Agree,Disagree,Easy,Easy,Easy,Easy,Correct,Correct,3,Equal,Yes,Yes,Complete,2,No,Missing,LowControl,Urban,WestBank
264,Jenin,32,Female,Married,Spouse,Bachelors,NotWorking_Housewife,2001-2500 NIS,No Income,Owned_Partnership,Yes,Yes,Yes,Yes,Use,Use,Use,Use,Use,Use,Use,Yearly,Yearly,Yearly,Yearly,Yearly,Yearly,Counter,No,TotallyAgree,TotallyAgree,TotallyAgree,TotallyAgree,Disagree,Disagree,No,No,No,No,No,TotallyAgree,Disagree,Agree,TotallyAgree,Easy,Easy,Easy,Easy,Correct,Correct,4,Equal,NA,NA,Partial,2,No,Missing,LowControl,Urban,WestBank
270,Jenin,34,Male,Married,Head,Masters,WageEmployee_Private,2501-3000 NIS,2501-3000 NIS,Owned_Family,No,Yes,Yes,Yes,Use,Use,Use,Use,Use,Use,Use,Monthly,Monthly,Monthly,Monthly,Monthly,Monthly,ATM,Yes_Mobile,Disagree,Disagree,Agree,Agree,Disagree,Disagree,Yes,Yes,No,No,No,Agree,Disagree,Disagree,Agree,VeryEasy,VeryEasy,VeryEasy,VeryEasy,Correct,Correct,3,Less,Yes,NA,Complete,1,Yes,Loan_FamilyFriends,LowControl,Urban,WestBank
272,Jenin,38,Female,Married,Spouse,Primary,NotWorking_Housewife,3001-5000 NIS,No Income,Owned_Spouse,Yes,Yes,Yes,Yes,DontUse,DontUse,DontUse,DontUse,DontUse,DontUse,DontUse,NA,NA,NA,NA,NA,NA,NA,No,Agree,Agree,Agree,TotallyAgree,TotallyAgree,TotallyAgree,NoNeed,Yes,Yes,No,No,DontKnow,DontKnow,Disagree,DontKnow,Easy,Easy,Easy,Impossible,Correct,DontKnow,1,Equal,NA,NA,None,4,No,Missing,LowControl,Urban,WestBank
274,Jenin,27,Female,Married,Spouse,Preparatory,UnpaidFamilyMember,2501-3000 NIS,No Income,Owned_Spouse,Yes,Yes,Yes,Yes,Use,Use,Use,Use,Use,Use,Use,Yearly,Yearly,Yearly,Yearly,Yearly,Yearly,Counter,No,Agree,Agree,Agree,Agree,Disagree,Disagree,Yes,Yes,Yes,No,No,Disagree,Disagree,Agree,TotallyAgree,Easy,Easy,Easy,DontKnow,Correct,Correct,5,DontKnow,NA,NA,Partial,0,No,Missing,LowControl,Urban,WestBank
276,Jenin,33,Male,Married,Head,Preparatory,WageEmployee_IsraelSettlements,3001-5000 NIS,3001-5000 NIS,Owned_Family,No,Yes,Yes,Yes,Use,Use,Use,Use,Use,Use,Use,Weekly,Monthly,Weekly,Weekly,Monthly,Monthly,ATM,No,Disagree,Disagree,Disagree,Disagree,Disagree,Disagree,Yes,No,No,No,No,StronglyDisagree,StronglyDisagree,StronglyDisagree,StronglyDisagree,VeryEasy,Easy,Easy,Easy,Correct,Correct,6,Equal,Yes,NA,Partial,4,Yes,Loan_FamilyFriends,LowControl,Urban,WestBank
278,Jenin,23,Female,Married,Spouse,Preparatory,NotWorking_Housewife,2001-2500 NIS,No Income,Owned_Spouse,Yes,Yes,Yes,Yes,Use,Use,Use,Use,Use,Use,Use,Monthly,NA,NA,NA,NA,NA,NA,No,Disagree,Disagree,TotallyAgree,TotallyAgree,Disagree,Disagree,No,No,No,Yes,No,Neutral,StronglyDisagree,Disagree,TotallyAgree,Easy,Easy,Easy,Easy,Correct,Correct,6,Equal,NA,NA,Partial,4,No,Missing,LowControl,Urban,WestBank
280,Jenin,NA,Female,Married,Spouse,Below Primary,UnpaidFamilyMember,2001-2500 NIS,No Income,Owned_Spouse,No,Yes,Yes,Yes,DontUse,DontUse,DontUse,DontUse,DontUse,DontUse,DontUse,NA,NA,NA,NA,NA,NA,NA,No,Agree,Agree,Agree,Agree,Agree,Agree,Yes,No,No,No,No,DontKnow,DontKnow,DontKnow,DontKnow,Difficult,Difficult,I don't know,I don't know,DontKnow,Correct,0,DontKnow,NA,NA,None,0,No,Missing,LowControl,Urban,WestBank
282,Jenin,50,Female,Married,Spouse,Associate Diploma,NotWorking_Housewife,2001-2500 NIS,No Income,Owned_Spouse,Yes,Yes,Yes,Yes,Use,Use,Use,Use,Use,Use,Use,Yearly,Yearly,Yearly,Yearly,Yearly,Yearly,Counter,No,Agree,Agree,Agree,Agree,Disagree,Disagree,Yes,No,No,No,No,Agree,Disagree,Disagree,Disagree,Easy,Easy,Easy,Easy,Correct,Correct,2,Equal,NA,NA,None,2,No,Missing,LowControl,Urban,WestBank
284,Jenin,59,Male,Married,Head,Primary,WageEmployee_Govt,<=2000 NIS,<=2000 NIS,Owned_Self,No,Yes,Yes,No,Use,Use,DontUse,DontUse,DontUse,Use,DontUse,Monthly,Never,NA,NA,Yearly,NA,Counter,No,Agree,Agree,Agree,Agree,Disagree,Disagree,Yes,No,No,No,No,Agree,Disagree,Agree,Disagree,Easy,Easy,I don't know,I don't know,Correct,Correct,3,Less,Yes,Yes,Partial,4,No,Missing,TryToControl,Urban,WestBank
288,Jenin,31,Male,Married,Head,Bachelors,WageEmployee_Private,2001-2500 NIS,2001-2500 NIS,Rent,No,Yes,Yes,Yes,Use,Use,Use,Use,Use,Use,Use,Monthly,Monthly,Monthly,Monthly,Monthly,Monthly,ATM,No,Agree,Agree,Agree,Agree,Disagree,Disagree,Yes,No,No,No,No,Neutral,Agree,Disagree,Disagree,VeryEasy,VeryEasy,VeryEasy,VeryEasy,Correct,Correct,6,Equal,NA,NA,None,4,No,Missing,LowControl,Urban,WestBank
290,Jenin,56,Female,Divorced,Head,Preparatory,NotWorking_Housewife,<=2000 NIS,No Income,Owned_Self,No,Yes,Yes,Yes,Use,Use,Use,DontUse,DontUse,DontUse,DontUse,Monthly,NA,NA,NA,NA,NA,Counter,No,Agree,TotallyAgree,Agree,Agree,Disagree,Disagree,Yes,No,No,No,No,Disagree,Disagree,DontKnow,Neutral,VeryEasy,VeryEasy,VeryEasy,VeryEasy,Correct,Correct,2,Less,NA,NA,None,3,No,Missing,LowControl,Urban,WestBank
292,Jenin,40,Male,Married,Head,Bachelors,WageEmployee_Private,2001-2500 NIS,2001-2500 NIS,Owned_Spouse,No,Yes,Yes,Yes,Use,Use,Use,Use,Use,Use,Use,Weekly,Monthly,Weekly,Monthly,Monthly,Monthly,ATM,Yes_Mobile,Agree,Agree,Agree,Agree,Disagree,Disagree,Yes,Yes,No,No,No,Disagree,Disagree,Agree,Agree,Easy,VeryEasy,VeryEasy,Easy,Correct,Correct,1,Equal,No,NA,None,4,Yes,Loan_FamilyFriends,LowControl,Urban,WestBank
298,Jenin,25,Female,Divorced,Child,Associate Diploma,VolunteerNoPay,3001-5000 NIS,No Income,Owned_Partnership,Yes,Yes,Yes,Yes,Use,Use,Use,Use,Use,Use,Use,Yearly,Monthly,Monthly,Monthly,Monthly,Monthly,Counter,No,Agree,Agree,Agree,Agree,Agree,Agree,Yes,No,No,No,No,DontKnow,Disagree,Disagree,Disagree,Easy,Easy,Easy,I don't know,Correct,Correct,5,Less,Yes,Yes,Complete,4,No,Missing,NoControl,Urban,WestBank
300,Jenin,40,Male,Married,Head,Bachelors,WageEmployee_UNRWA,5001-8000 NIS,3001-5000 NIS,Owned_Partnership,Yes,Yes,Yes,Yes,Use,Use,Use,Use,Use,Use,Use,Monthly,Monthly,Monthly,Monthly,Monthly,Monthly,ATM,Yes_Online,Disagree,Disagree,Disagree,Disagree,Disagree,Disagree,Yes,No,Yes,No,No,Agree,Disagree,Disagree,Disagree,Easy,Easy,Difficult,Difficult,Correct,Correct,4,Less,Yes,Yes,Partial,2,No,Missing,NoControl,Urban,WestBank
304,Jenin,70,Female,Single,Head,Primary,SelfEmployed,<=2000 NIS,<=2000 NIS,Owned_Self,No,Yes,Yes,No,Use,Use,DontUse,Use,DontUse,Use,DontUse,Monthly,Never,Yearly,Never,Monthly,NA,Counter,No,TotallyAgree,TotallyAgree,TotallyAgree,TotallyAgree,Disagree,Disagree,Yes,Yes,Yes,No,No,Neutral,Agree,Neutral,TotallyAgree,Easy,Easy,Easy,Easy,DontKnow,Correct,0,DontKnow,NA,NA,Partial,0,No,Missing,NoControl,Camp,WestBank
306,Jenin,22,Female,Married,Spouse,Preparatory,NotWorking_Housewife,<=2000 NIS,No Income,Owned_Spouse,No,Yes,Yes,Yes,Use,Use,DontUse,Use,DontUse,DontUse,DontUse,Unknown,NA,Unknown,NA,NA,NA,Counter,No,Agree,Disagree,Disagree,Disagree,Disagree,Agree,Yes,No,No,No,No,Disagree,StronglyDisagree,Agree,Disagree,Difficult,Difficult,Impossible,Impossible,Correct,Correct,3,Equal,Yes,Yes,Partial,1,No,Missing,NoControl,Camp,WestBank
308,Jenin,42,Female,Married,Spouse,Preparatory,NotWorking_Housewife,5001-8000 NIS,No Income,Owned_Spouse,Yes,Yes,Yes,Yes,Use,Use,Use,Use,Use,Use,Use,Yearly,Never,Unknown,NA,Monthly,NA,Counter,No,Agree,Agree,Agree,Agree,Agree,Agree,Yes,No,No,Yes,No,Agree,StronglyDisagree,Disagree,TotallyAgree,Easy,Easy,Easy,Difficult,Correct,Correct,3,Less,Yes,Yes,Partial,6,Yes,Loan_Bank,LowControl,Camp,WestBank
310,Jenin,48,Male,Married,Head,Preparatory,WageEmployee_Govt,3001-5000 NIS,3001-5000 NIS,Owned_Self,No,Yes,Yes,Yes,Use,Use,Use,Use,Use,Use,Use,Monthly,Monthly,Monthly,Monthly,Monthly,Monthly,ATM,Yes_Mobile,Disagree,Disagree,Agree,Agree,StronglyDisagree,Agree,Yes,Yes,Yes,No,No,TotallyAgree,StronglyDisagree,TotallyAgree,TotallyAgree,VeryEasy,VeryEasy,VeryEasy,VeryEasy,Correct,Correct,2,Less,Yes,Yes,Partial,4,Yes,Loan_FamilyFriends,TryToControl,Camp,WestBank
312,Jenin,34,Male,Married,Head,Preparatory,WageEmployee_Private,2501-3000 NIS,2501-3000 NIS,Owned_Family,Yes,Yes,Yes,Yes,Use,Use,Use,Use,Use,Use,Use,Monthly,Monthly,Monthly,Monthly,Monthly,Monthly,ATM,Yes_Mobile,Agree,Agree,Agree,Agree,Agree,Agree,Yes,Yes,Yes,Yes,No,Agree,StronglyDisagree,StronglyDisagree,Agree,Easy,Easy,Easy,DontKnow,Correct,Correct,3,More,Yes,Yes,Partial,5,Yes,Loan_FamilyFriends,LowControl,Camp,WestBank
314,Jenin,49,Female,Married,Spouse,Preparatory,NotWorking_Housewife,<=2000 NIS,No Income,Owned_Spouse,Yes,Yes,Yes,Yes,DontUse,DontUse,DontUse,DontUse,DontUse,Use,DontUse,NA,NA,NA,NA,Never,NA,NA,No,Disagree,Disagree,Disagree,Disagree,Disagree,Disagree,Yes,No,Yes,No,No,Disagree,Disagree,StronglyDisagree,Disagree,Difficult,Easy,Easy,Difficult,Correct,Correct,2,DontKnow,Yes,NA,None,2,No,Missing,NoControl,Camp,WestBank
316,Jenin,41,Male,Married,Head,Preparatory,WageEmployee_IsraelSettlements,2501-3000 NIS,2501-3000 NIS,CampHouseNoRent,NA,Yes,Yes,Yes,Use,Use,Use,Use,Use,Use,Use,Monthly,Weekly,Weekly,Weekly,Yearly,Yearly,ATM,Yes_Online,Disagree,Disagree,Disagree,TotallyAgree,TotallyAgree,StronglyDisagree,Yes,Yes,Yes,No,No,Agree,Disagree,TotallyAgree,TotallyAgree,VeryEasy,VeryEasy,Easy,Impossible,Correct,Correct,2,Less,Yes,Yes,Complete,0,No,Missing,TryToControl,Camp,WestBank
318,Jenin,51,Female,Widowed,Head,Secondary,NotWorking_Housewife,<=2000 NIS,<=2000 NIS,CampHouseNoRent,NA,Yes,Yes,Yes,Use,Use,Use,Use,Use,Use,Use,Unknown,Yearly,Monthly,Monthly,Monthly,Yearly,Counter,No,Agree,Agree,Agree,Agree,Agree,Disagree,Yes,No,Yes,Yes,No,Disagree,Disagree,Agree,Agree,Easy,Easy,Easy,Difficult,False,False,2,DontKnow,Yes,Yes,Partial,0,No,Missing,TryToControl,Camp,WestBank
320,Jenin,34,Male,Married,Head,Primary,WageEmployee_Private,3001-5000 NIS,3001-5000 NIS,Owned_Self,No,Yes,Yes,Yes,Use,Use,Use,Use,Use,Use,Use,Monthly,Monthly,Monthly,Monthly,Monthly,Monthly,ATM,No,Agree,Agree,Agree,Agree,Disagree,Disagree,Yes,No,No,Yes,No,Neutral,Disagree,Neutral,Agree,Easy,Easy,Easy,Easy,Correct,Correct,3,Equal,Yes,Yes,Partial,6,Yes,Loan_Bank,LowControl,Camp,WestBank
322,Jenin,41,Female,Married,Spouse,Secondary,NotWorking_Housewife,<=2000 NIS,No Income,CampHouseNoRent,NA,Yes,Yes,Yes,DontUse,DontUse,DontUse,DontUse,DontUse,DontUse,DontUse,NA,NA,NA,NA,NA,NA,NA,No,TotallyAgree,TotallyAgree,TotallyAgree,TotallyAgree,Disagree,Disagree,Yes,No,Yes,No,No,StronglyDisagree,StronglyDisagree,StronglyDisagree,StronglyDisagree,VeryEasy,VeryEasy,VeryEasy,Difficult,Correct,Correct,1,Equal,NA,NA,None,2,No,Missing,TryToControl,Camp,WestBank
324,Jenin,67,Male,Married,Head,Secondary,NotWorking_Age/Illness,<=2000 NIS,<=2000 NIS,CampHouseNoRent,NA,Yes,Yes,Yes,DontUse,DontUse,DontUse,DontUse,DontUse,DontUse,DontUse,NA,NA,NA,NA,NA,NA,NA,No,TotallyAgree,TotallyAgree,TotallyAgree,TotallyAgree,Disagree,Disagree,Yes,Yes,Yes,No,No,Agree,Agree,TotallyAgree,TotallyAgree,Easy,Easy,Easy,Easy,Correct,Correct,6,Less,NA,NA,None,4,No,Missing,TryToControl,Camp,WestBank
328,Jenin,54,Male,Married,Head,Preparatory,WageEmployee_Private,<=2000 NIS,<=2000 NIS,CampHouseNoRent,NA,Yes,Yes,Yes,Use,Use,DontUse,DontUse,DontUse,Use,DontUse,Never,NA,NA,NA,NA,NA,NA,No,Agree,TotallyAgree,Agree,Agree,Disagree,Disagree,Yes,No,Yes,No,No,Agree,Disagree,Agree,TotallyAgree,Easy,Easy,DontKnow,DontKnow,Correct,Correct,2,Equal,NA,NA,None,3,No,Missing,TryToControl,Camp,WestBank
332,Jenin,46,Male,Married,Head,Primary,SelfEmployed,<=2000 NIS,<=2000 NIS,CampHouseNoRent,NA,Yes,Yes,Yes,Use,Use,Use,Use,Use,Use,Use,Monthly,Monthly,Monthly,Monthly,Monthly,Yearly,Counter,No,Disagree,Disagree,Disagree,Disagree,Disagree,Disagree,Yes,No,No,Yes,No,Disagree,Disagree,Disagree,Disagree,Easy,Easy,Easy,Easy,Correct,Correct,4,Equal,No,No,Partial,5,Yes,Loan_MFI,TryToControl,Camp,WestBank
334,Jenin,22,Female,Married,Child,Preparatory,NotWorking_Housewife,2501-3000 NIS,No Income,CampHouseNoRent,NA,Yes,Yes,Yes,DontUse,DontUse,DontUse,DontUse,DontUse,DontUse,DontUse,NA,NA,NA,NA,NA,NA,NA,No,Disagree,Disagree,Disagree,TotallyAgree,Disagree,Disagree,NoNeed,Yes,Yes,No,No,Disagree,Disagree,Disagree,Disagree,Easy,Easy,Easy,DontKnow,Correct,Correct,3,Equal,NA,NA,None,3,No,Missing,TryToControl,Camp,WestBank
336,Jenin,78,Male,Married,Head,Primary,NotWorking_Age/Illness,<=2000 NIS,No Income,Owned_Self,No,Yes,Yes,No,Use,Use,DontUse,DontUse,DontUse,Use,DontUse,Monthly,Never,NA,NA,Monthly,NA,Counter,No,Agree,Agree,Agree,Agree,Agree,Agree,Yes,Yes,No,No,No,Agree,Disagree,Disagree,Agree,Easy,Easy,Easy,DontKnow,Correct,DontKnow,2,DontKnow,NA,NA,Partial,3,No,Missing,TryToControl,Camp,WestBank
338,Jenin,67,Female,Widowed,Head,Primary,NotWorking_Housewife,<=2000 NIS,No Income,Owned_Self,Yes,Yes,Yes,Yes,Use,Use,DontUse,Use,DontUse,Use,Use,Monthly,Never,Yearly,Never,Yearly,NA,Counter,No,TotallyAgree,TotallyAgree,TotallyAgree,TotallyAgree,Disagree,Disagree,Yes,Yes,Yes,No,No,Disagree,Disagree,TotallyAgree,Agree,VeryEasy,Easy,Easy,Easy,DontKnow,Correct,0,DontKnow,NA,NA,None,0,No,Missing,TryToControl,Camp,WestBank
340,Jenin,86,Male,Married,Head,Below Primary,NotWorking_Age/Illness,<=2000 NIS,No Income,Owned_Self,Yes,Yes,NA,NA,Use,Use,DontUse,DontUse,DontUse,DontUse,DontUse,Monthly,NA,NA,NA,NA,NA,Counter,No,Agree,Agree,Agree,Agree,Agree,Agree,Yes,Yes,No,No,No,Agree,Disagree,Agree,Agree,Easy,Easy,Easy,Easy,DontKnow,Correct,2,DontKnow,NA,NA,None,3,No,Missing,TryToControl,Camp,WestBank
344,Jenin,51,Male,Married,Head,Secondary,WageEmployee_UNRWA,>12000 NIS,3001-5000 NIS,CampHouseNoRent,NA,Yes,Yes,Yes,Use,Use,DontUse,Use,DontUse,Use,DontUse,Monthly,Never,Unknown,NA,Unknown,NA,Counter,No,Disagree,Disagree,Disagree,Disagree,Agree,Agree,No,Yes,No,No,No,Agree,Agree,Agree,Agree,Difficult,VeryEasy,Difficult,Impossible,False,False,1,DontKnow,No,No,None,4,No,Missing,LowControl,Camp,WestBank
346,Jenin,38,Male,Married,Head,Associate Diploma,WageEmployee_Govt,8001-12000 NIS,2001-2500 NIS,CampHouseNoRent,NA,Yes,Yes,Yes,Use,Use,Use,Use,Use,Use,Use,Monthly,Monthly,Monthly,Monthly,Monthly,Monthly,ATM,Yes_Online,Agree,Agree,Agree,Agree,DontKnow,Disagree,No,No,No,Yes,No,StronglyDisagree,StronglyDisagree,Agree,Agree,Easy,VeryEasy,Easy,Easy,False,DontKnow,1,Less,Yes,NA,Partial,3,Yes,Loan_Bank,UseLog,Camp,WestBank
348,Jenin,46,Female,Married,Spouse,Preparatory,NotWorking_Housewife,>12000 NIS,2501-3000 NIS,Owned_Self,Yes,Yes,Yes,Yes,Use,Use,Use,Use,Use,Use,Use,Monthly,Monthly,Monthly,Monthly,Monthly,Yearly,Counter,Yes_Online,Neutral,Agree,Agree,Agree,Disagree,Disagree,No,No,No,No,No,StronglyDisagree,StronglyDisagree,Neutral,Agree,Difficult,Easy,Easy,Easy,False,Correct,0,Less,Yes,No,Partial,5,No,Missing,UseLog,Camp,WestBank
350,Jenin,42,Male,Married,Child,Preparatory,UnpaidFamilyMember,8001-12000 NIS,<=2000 NIS,CampHouseNoRent,NA,Yes,Yes,No,Use,Use,DontUse,Use,DontUse,Use,DontUse,Never,Never,Never,Never,Never,Never,NA,No,Agree,Agree,Agree,Disagree,Disagree,StronglyDisagree,Yes,Yes,No,No,No,StronglyDisagree,Disagree,StronglyDisagree,StronglyDisagree,Difficult,Easy,Difficult,Impossible,DontKnow,DontKnow,2,Less,Yes,No,None,3,No,Missing,TryToControl,Camp,WestBank
352,Jenin,30,Female,Married,Spouse,Secondary,NotWorking_Housewife,>12000 NIS,2001-2500 NIS,CampHouseNoRent,NA,Yes,Yes,Yes,Use,Use,Use,Use,Use,Use,Use,Monthly,Monthly,Monthly,Monthly,Monthly,Monthly,ATM,Yes_Online,Agree,Agree,Agree,Agree,Disagree,Disagree,Yes,No,Yes,No,No,Disagree,Disagree,Agree,Agree,Difficult,VeryEasy,VeryEasy,Difficult,DontKnow,Correct,0,DontKnow,Yes,Yes,Partial,2,Yes,CashHome,TryToControl,Camp,WestBank
354,Jenin,48,Male,Married,Head,Bachelors,WageEmployee_Private,5001-8000 NIS,3001-5000 NIS,CampHouseNoRent,NA,Yes,Yes,Yes,Use,Use,Use,Use,Use,Use,Use,Yearly,Yearly,Yearly,Yearly,Yearly,Monthly,ATM,Yes_Online,Disagree,Disagree,Disagree,Disagree,Disagree,Agree,No,Yes,Yes,No,No,Agree,Disagree,Disagree,Agree,Easy,Easy,Easy,Easy,Correct,Correct,2,Less,Yes,Yes,Partial,5,Yes,BankAcct,TryToControl,Camp,WestBank
